Site,DateTime,Species
6,19/02/2021 10:10,Human
7,18/02/2021 12:30,Human
8,19/02/2021 09:15,Human
9,18/02/2021 12:45,Human
10,19/02/2021 11:30,Human
11,18/02/2021 12:55,Human
12,18/02/2021 10:00,Human
13,18/02/2021 14:40,Human
14,18/02/2021 13:45,Human
15,19/02/2021 15:45,Human
16,18/02/2021 09:15,Human
17,18/02/2021 17:50,Human
18,19/02/2021 16:35,Human
19,19/02/2021 12:05,Human
20,19/02/2021 12:45,Human
21,18/02/2021 17:00,Human
22,19/02/2021 08:45,Human
23,19/02/2021 12:55,Human
24,19/02/2021 10:55,Human
25,19/02/2021 12:25,Human
26,19/02/2021 14:40,Human
27,18/02/2021 18:35,Human
28,19/02/2021 11:10,Human
29,19/02/2021 11:45,Human
30,19/02/2021 15:15,Human
31,19/02/2021 09:30,Human
32,18/02/2021 18:20,Human
33,18/02/2021 11:00,Human
34,19/02/2021 17:45,Human
35,18/02/2021 17:35,Human
36,19/02/2021 13:40,Human
37,19/02/2021 17:00,Human
38,19/02/2021 15:10,Human
39,18/02/2021 18:00,Human
40,19/02/2021 18:00,Human
41,18/02/2021 10:30,Human
42,18/02/2021 14:20,Human
43,18/02/2021 15:20,Human
6,18/03/2021 17:35,Human
8,18/03/2021 16:45,Human
9,18/03/2021 11:55,Human
10,19/03/2021 15:35,Human
11,18/03/2021 12:06,Human
12,18/03/2021 09:26,Human
13,18/03/2021 13:10,Human
15,19/03/2021 12:05,Human
16,18/03/2021 08:49,Human
17,18/03/2021 14:55,Human
18,19/03/2021 09:30,Human
19,19/03/2021 14:30,Human
20,19/03/2021 13:25,Human
21,18/03/2021 13:35,Human
22,18/03/2021 15:45,Human
23,19/03/2021 13:05,Human
24,18/03/2021 18:00,Human
25,19/03/2021 13:55,Human
27,18/03/2021 15:20,Human
28,18/03/2021 18:15,Human
29,19/03/2021 15:05,Human
30,19/03/2021 16:15,Human
31,18/03/2021 17:00,Human
32,18/03/2021 16:15,Human
33,18/03/2021 11:05,Human
35,18/03/2021 14:25,Human
36,19/03/2021 17:00,Human
37,19/03/2021 10:00,Human
38,19/03/2021 12:45,Human
39,18/03/2021 15:05,Human
41,18/03/2021 10:13,Human
42,18/03/2021 12:35,Human
6,18/04/2021 16:30,Human
7,18/04/2021 12:05,Human
8,17/04/2021 17:50,Human
9,18/04/2021 12:30,Human
10,17/04/2021 16:05,Human
11,18/04/2021 12:45,Human
12,18/04/2021 10:25,Human
13,18/04/2021 14:00,Human
14,18/04/2021 13:19,Human
15,17/04/2021 12:30,Human
16,18/04/2021 09:45,Human
17,18/04/2021 16:50,Human
18,17/04/2021 10:00,Human
19,17/04/2021 15:30,Human
20,17/04/2021 14:35,Human
21,18/04/2021 15:15,Human
22,17/04/2021 18:10,Human
23,17/04/2021 14:25,Human
24,18/04/2021 16:05,Human
25,17/04/2021 15:00,Human
27,17/04/2021 19:00,Human
28,17/04/2021 17:00,Human
29,17/04/2021 15:50,Human
30,17/04/2021 16:45,Human
31,17/04/2021 17:25,Human
32,17/04/2021 18:35,Human
33,18/04/2021 11:50,Human
34,17/04/2021 11:05,Human
35,18/04/2021 15:45,Human
36,17/04/2021 14:05,Human
37,17/04/2021 10:30,Human
38,17/04/2021 13:45,Human
39,17/04/2021 18:45,Human
41,18/04/2021 11:15,Human
42,18/04/2021 13:40,Human
43,18/04/2021 15:00,Human
6,15/05/2021 08:27,Human
7,16/05/2021 10:46,Human
8,15/05/2021 07:29,Human
9,16/05/2021 13:13,Human
10,14/05/2021 17:25,Human
11,16/05/2021 13:30,Human
12,16/05/2021 15:16,Human
13,16/05/2021 14:39,Human
14,16/05/2021 13:46,Human
16,16/05/2021 09:22,Human
17,16/05/2021 07:03,Human
18,14/05/2021 13:00,Human
19,14/05/2021 16:35,Human
20,14/05/2021 16:15,Human
21,16/05/2021 15:58,Human
22,15/05/2021 06:19,Human
23,14/05/2021 16:00,Human
24,15/05/2021 09:35,Human
25,14/05/2021 18:35,Human
27,16/05/2021 06:21,Human
28,15/05/2021 09:06,Human
29,14/05/2021 17:00,Human
30,14/05/2021 18:00,Human
31,15/05/2021 07:54,Human
32,15/05/2021 06:46,Human
33,16/05/2021 11:09,Human
34,14/05/2021 14:15,Human
35,15/05/2021 10:01,Human
36,14/05/2021 15:35,Human
37,14/05/2021 13:15,Human
38,14/05/2021 15:15,Human
39,16/05/2021 06:36,Human
41,16/05/2021 10:18,Human
42,16/05/2021 14:07,Human
43,16/05/2021 15:47,Human
6,15/06/2021 11:16,Human
7,15/06/2021 17:00,Human
8,15/06/2021 09:20,Human
9,15/06/2021 18:15,Human
10,18/06/2021 10:01,Human
11,15/06/2021 18:30,Human
12,15/06/2021 15:00,Human
13,18/06/2021 13:20,Human
14,18/06/2021 14:00,Human
16,15/06/2021 15:25,Human
17,15/06/2021 12:01,Human
18,16/06/2021 07:22,Human
19,18/06/2021 09:15,Human
20,18/06/2021 08:45,Human
21,15/06/2021 14:04,Human
22,15/06/2021 08:00,Human
23,18/06/2021 08:15,Human
24,15/06/2021 10:40,Human
25,15/06/2021 08:48,Human
27,15/06/2021 06:56,Human
28,15/06/2021 10:10,Human
29,18/06/2021 09:45,Human
30,18/06/2021 11:50,Human
31,15/06/2021 09:40,Human
32,15/06/2021 07:30,Human
33,15/06/2021 17:38,Human
35,15/06/2021 12:40,Human
36,18/06/2021 10:50,Human
38,18/06/2021 07:52,Human
39,15/06/2021 12:25,Human
41,15/06/2021 16:40,Human
42,18/06/2021 13:40,Human
43,15/06/2021 14:10,Human
6,13/07/2021 13:33,Human
7,12/07/2021 09:30,Human
8,12/07/2021 16:45,Human
9,12/07/2021 10:30,Human
10,13/07/2021 11:50,Human
11,12/07/2021 10:55,Human
12,12/07/2021 08:25,Human
13,12/07/2021 11:55,Human
14,12/07/2021 11:10,Human
16,12/07/2021 07:45,Human
17,12/07/2021 14:05,Human
18,13/07/2021 07:45,Human
19,13/07/2021 10:15,Human
20,12/07/2021 17:40,Human
21,12/07/2021 13:10,Human
22,12/07/2021 15:25,Human
23,13/07/2021 09:45,Human
24,13/07/2021 13:00,Human
25,12/07/2021 17:10,Human
27,12/07/2021 15:00,Human
28,13/07/2021 12:35,Human
29,13/07/2021 10:45,Human
30,13/07/2021 11:30,Human
31,12/07/2021 16:15,Human
32,12/07/2021 15:55,Human
33,12/07/2021 09:45,Human
34,13/07/2021 07:00,Human
35,12/07/2021 13:40,Human
36,13/07/2021 11:05,Human
38,13/07/2021 09:25,Human
39,12/07/2021 14:35,Human
41,12/07/2021 09:05,Human
42,12/07/2021 11:30,Human
43,12/07/2021 12:55,Human
6,16/08/2021 09:55,Human
7,16/08/2021 15:11,Human
8,16/08/2021 08:16,Human
9,15/08/2021 17:40,Human
10,16/08/2021 07:10,Human
11,15/08/2021 17:50,Human
12,15/08/2021 16:20,Human
13,16/08/2021 16:45,Human
14,16/08/2021 16:13,Human
16,15/08/2021 15:25,Human
17,16/08/2021 10:18,Human
18,15/08/2021 07:15,Human
19,15/08/2021 10:44,Human
20,15/08/2021 10:20,Human
21,16/08/2021 17:36,Human
22,16/08/2021 08:51,Human
23,15/08/2021 09:47,Human
24,18/08/2021 07:50,Human
25,16/08/2021 08:29,Human
26,15/08/2021 09:15,Human
27,16/08/2021 10:43,Human
28,18/08/2021 08:10,Human
29,16/08/2021 07:28,Human
30,16/08/2021 07:00,Human
31,16/08/2021 07:49,Human
32,16/08/2021 09:03,Human
33,16/08/2021 15:29,Human
34,15/08/2021 06:45,Human
35,18/08/2021 07:10,Human
36,16/08/2021 06:46,Human
38,15/08/2021 08:48,Human
39,16/08/2021 09:27,Human
41,15/08/2021 17:18,Human
42,16/08/2021 16:30,Human
43,16/08/2021 17:26,Human
6,15/09/2021 12:20,Human
7,13/09/2021 13:20,Human
8,13/09/2021 07:50,Human
9,13/09/2021 14:30,Human
10,15/09/2021 11:20,Human
11,13/09/2021 14:45,Human
12,13/09/2021 11:00,Human
13,13/09/2021 15:50,Human
14,13/09/2021 15:00,Human
16,13/09/2021 10:30,Human
17,13/09/2021 18:25,Human
18,15/09/2021 07:50,Human
19,15/09/2021 13:55,Human
20,15/09/2021 14:10,Human
21,13/09/2021 16:45,Human
22,13/09/2021 08:40,Human
23,15/09/2021 14:20,Human
24,15/09/2021 12:01,Human
25,13/09/2021 07:02,Human
26,15/09/2021 09:50,Human
27,13/09/2021 09:00,Human
28,15/09/2021 13:40,Human
29,15/09/2021 13:25,Human
30,15/09/2021 10:30,Human
31,15/09/2021 13:10,Human
32,13/09/2021 08:25,Human
33,13/09/2021 13:35,Human
34,15/09/2021 07:20,Human
35,13/09/2021 17:25,Human
36,15/09/2021 10:00,Human
38,15/09/2021 09:30,Human
39,13/09/2021 18:40,Human
41,13/09/2021 12:10,Human
42,13/09/2021 15:30,Human
43,13/09/2021 16:30,Human
6,11/10/2021 16:00,Human
7,10/10/2021 11:30,Human
8,09/10/2021 15:40,Human
9,12/10/2021 13:15,Human
10,10/10/2021 16:45,Human
11,12/10/2021 13:00,Human
12,12/10/2021 11:00,Human
13,12/10/2021 12:15,Human
14,10/10/2021 13:30,Human
16,10/10/2021 09:05,Human
17,12/10/2021 08:40,Human
18,11/10/2021 08:30,Human
19,11/10/2021 14:30,Human
20,11/10/2021 11:30,Human
21,10/10/2021 15:10,Human
22,09/10/2021 15:10,Human
23,11/10/2021 11:00,Human
24,12/10/2021 09:30,Human
25,11/10/2021 12:30,Human
26,10/10/2021 18:15,Human
27,09/10/2021 13:45,Human
28,12/10/2021 09:45,Human
29,11/10/2021 15:00,Human
30,10/10/2021 17:30,Human
31,09/10/2021 16:15,Human
32,09/10/2021 14:10,Human
33,12/10/2021 13:45,Human
34,11/10/2021 07:15,Human
35,12/10/2021 09:00,Human
36,11/10/2021 10:15,Human
38,11/10/2021 10:00,Human
39,12/10/2021 07:45,Human
41,10/10/2021 10:40,Human
42,10/10/2021 14:20,Human
43,12/10/2021 10:25,Human
8,21/11/2021 15:35,Human
9,19/11/2021 12:50,Human
11,19/11/2021 13:05,Human
12,19/11/2021 10:00,Human
13,19/11/2021 14:50,Human
20,21/11/2021 11:15,Human
24,21/11/2021 14:35,Human
27,19/11/2021 17:40,Human
28,21/11/2021 13:45,Human
29,21/11/2021 12:35,Human
30,21/11/2021 13:15,Human
32,21/11/2021 16:05,Human
33,19/11/2021 12:05,Human
34,21/11/2021 08:30,Human
35,19/11/2021 16:35,Human
36,21/11/2021 10:50,Human
38,21/11/2021 10:00,Human
43,19/11/2021 15:30,Human
10B,21/11/2021 12:45,Human
14B,19/11/2021 14:00,Human
16B,19/11/2021 09:18,Human
17B,19/11/2021 17:00,Human
18B,21/11/2021 09:00,Human
19B,21/11/2021 12:05,Human
21B,19/11/2021 15:45,Human
22B,21/11/2021 16:25,Human
23B,21/11/2021 11:00,Human
25B,21/11/2021 11:40,Human
26B,21/11/2021 10:30,Human
31B,21/11/2021 15:15,Human
39B,19/11/2021 17:30,Human
41B,19/11/2021 11:00,Human
42B,19/11/2021 14:20,Human
6B,21/11/2021 15:00,Human
7B,19/11/2021 11:30,Human
8,16/12/2021 17:10,Human
9,16/12/2021 11:45,Human
11,16/12/2021 11:55,Human
12,16/12/2021 09:30,Human
13,16/12/2021 14:00,Human
20,17/12/2021 15:35,Human
24,17/12/2021 13:50,Human
27,16/12/2021 15:55,Human
28,17/12/2021 14:05,Human
29,17/12/2021 12:35,Human
30,17/12/2021 12:01,Human
32,16/12/2021 16:40,Human
33,16/12/2021 11:10,Human
34,17/12/2021 09:00,Human
35,16/12/2021 15:00,Human
36,17/12/2021 11:40,Human
38,17/12/2021 10:55,Human
43,16/12/2021 14:10,Human
10B,17/12/2021 12:25,Human
14B,16/12/2021 12:25,Human
16B,16/12/2021 08:57,Human
17B,16/12/2021 15:15,Human
18B,17/12/2021 09:35,Human
19B,17/12/2021 14:50,Human
21B,16/12/2021 14:30,Human
22B,16/12/2021 16:20,Human
23B,17/12/2021 15:05,Human
25B,17/12/2021 16:00,Human
26B,17/12/2021 11:25,Human
31B,17/12/2021 12:55,Human
39B,16/12/2021 15:35,Human
41B,16/12/2021 10:20,Human
42B,16/12/2021 12:45,Human
6B,17/12/2021 13:30,Human
7B,16/12/2021 10:50,Human
8,25/01/2022 09:05,Human
9,25/01/2022 14:30,Human
11,25/01/2022 14:45,Human
12,25/01/2022 12:30,Human
13,25/01/2022 15:45,Human
20,26/01/2022 11:55,Human
24,25/01/2022 17:15,Human
27,25/01/2022 10:20,Human
28,25/01/2022 17:30,Human
29,26/01/2022 11:25,Human
30,26/01/2022 10:50,Human
32,25/01/2022 09:45,Human
33,25/01/2022 14:00,Human
34,26/01/2022 08:25,Human
35,25/01/2022 11:05,Human
36,26/01/2022 10:35,Human
38,26/01/2022 10:00,Human
43,25/01/2022 11:50,Human
10B,26/01/2022 11:13,Human
14B,25/01/2022 15:00,Human
16B,25/01/2022 12:50,Human
17B,25/01/2022 10:55,Human
18B,26/01/2022 08:25,Human
19B,26/01/2022 11:35,Human
21B,25/01/2022 11:35,Human
22B,25/01/2022 10:00,Human
23B,26/01/2022 12:05,Human
25B,25/01/2022 08:36,Human
26B,26/01/2022 10:25,Human
31B,25/01/2022 17:45,Human
39B,25/01/2022 10:35,Human
41B,25/01/2022 13:30,Human
42B,25/01/2022 15:25,Human
6B,25/01/2022 17:00,Human
7B,25/01/2022 13:45,Human
8,16/02/2022 18:00,Human
9,16/02/2022 12:30,Human
11,16/02/2022 12:45,Human
12,16/02/2022 09:30,Human
13,16/02/2022 13:50,Human
20,15/02/2022 15:10,Human
24,16/02/2022 17:00,Human
27,17/02/2022 10:45,Human
28,16/02/2022 17:15,Human
29,15/02/2022 16:25,Human
30,15/02/2022 17:15,Human
32,17/02/2022 11:15,Human
33,16/02/2022 12:00,Human
34,17/02/2022 09:35,Human
35,16/02/2022 15:10,Human
36,15/02/2022 14:30,Human
38,15/02/2022 12:30,Human
43,16/02/2022 14:55,Human
10B,15/02/2022 16:45,Human
14B,16/02/2022 13:00,Human
16B,16/02/2022 09:50,Human
17B,16/02/2022 15:35,Human
18B,17/02/2022 09:00,Human
19B,15/02/2022 16:05,Human
21B,16/02/2022 14:25,Human
22B,17/02/2022 11:30,Human
23B,15/02/2022 14:55,Human
25B,15/02/2022 15:35,Human
26B,15/02/2022 13:00,Human
31B,16/02/2022 17:35,Human
39B,16/02/2022 15:50,Human
41B,16/02/2022 10:30,Human
42B,16/02/2022 13:25,Human
6B,16/02/2022 16:40,Human
7B,16/02/2022 10:55,Human
8,31/03/2022 17:35,Human
9,01/04/2022 11:10,Human
11,01/04/2022 11:20,Human
12,01/04/2022 08:50,Human
13,01/04/2022 12:50,Human
20,31/03/2022 16:50,Human
24,30/03/2022 18:30,Human
27,30/03/2022 15:48,Human
28,30/03/2022 18:45,Human
29,31/03/2022 15:55,Human
30,31/03/2022 15:25,Human
32,30/03/2022 16:15,Human
33,01/04/2022 10:30,Human
34,31/03/2022 13:00,Human
35,30/03/2022 17:15,Human
36,31/03/2022 15:05,Human
38,31/03/2022 14:40,Human
43,01/04/2022 13:20,Human
10B,31/03/2022 15:45,Human
14B,01/04/2022 12:10,Human
16B,01/04/2022 08:20,Human
17B,30/03/2022 16:55,Human
18B,31/03/2022 12:25,Human
19B,31/03/2022 16:15,Human
21B,01/04/2022 13:35,Human
22B,30/03/2022 15:20,Human
23B,31/03/2022 16:35,Human
25B,31/03/2022 17:10,Human
31B,30/03/2022 19:00,Human
39B,30/03/2022 16:35,Human
41B,01/04/2022 09:40,Human
42B,01/04/2022 12:30,Human
6B,30/03/2022 17:40,Human
7B,01/04/2022 10:10,Human
8,12/05/2022 12:18,Human
9,10/05/2022 11:28,Human
11,10/05/2022 12:01,Human
12,10/05/2022 08:42,Human
13,10/05/2022 12:57,Human
20,12/05/2022 11:29,Human
24,12/05/2022 16:48,Human
27,10/05/2022 15:38,Human
28,12/05/2022 16:29,Human
29,12/05/2022 14:57,Human
30,12/05/2022 16:04,Human
32,10/05/2022 15:06,Human
33,10/05/2022 10:04,Human
34,12/05/2022 08:39,Human
35,10/05/2022 14:19,Human
36,12/05/2022 10:55,Human
38,12/05/2022 10:26,Human
43,10/05/2022 13:31,Human
10B,12/05/2022 15:21,Human
14B,10/05/2022 12:26,Human
16B,10/05/2022 07:42,Human
18B,12/05/2022 07:53,Human
19B,12/05/2022 14:38,Human
21B,10/05/2022 13:49,Human
22B,10/05/2022 16:05,Human
23B,12/05/2022 11:14,Human
25B,12/05/2022 11:53,Human
31B,12/05/2022 12:37,Human
39B,10/05/2022 14:42,Human
41B,10/05/2022 09:25,Human
42B,10/05/2022 12:36,Human
6B,12/05/2022 13:41,Human
7B,10/05/2022 09:48,Human
8,10/06/2022 18:51,Human
9,11/06/2022 14:35,Human
11,11/06/2022 14:49,Human
12,11/06/2022 07:47,Human
13,13/06/2022 10:09,Human
20,10/06/2022 17:03,Human
24,13/06/2022 14:56,Human
27,12/06/2022 11:12,Human
28,12/06/2022 17:35,Human
29,10/06/2022 14:49,Human
30,10/06/2022 14:00,Human
32,12/06/2022 11:43,Human
33,11/06/2022 09:58,Human
34,12/06/2022 09:50,Human
35,13/06/2022 14:07,Human
36,10/06/2022 11:55,Human
38,10/06/2022 07:35,Human
43,13/06/2022 11:50,Human
10B,10/06/2022 14:32,Human
14B,11/06/2022 15:18,Human
16B,11/06/2022 07:20,Human
18B,12/06/2022 07:34,Human
19B,10/06/2022 16:40,Human
21B,13/06/2022 11:27,Human
22B,12/06/2022 12:09,Human
23B,10/06/2022 11:35,Human
25B,10/06/2022 18:26,Human
31B,12/06/2022 16:25,Human
39B,12/06/2022 12:33,Human
41B,11/06/2022 08:36,Human
42B,13/06/2022 08:57,Human
6B,13/06/2022 16:06,Human
7B,11/06/2022 13:05,Human
8,21/07/2022 11:06,Human
9,22/07/2022 09:25,Human
11,22/07/2022 09:14,Human
12,22/07/2022 06:33,Human
13,22/07/2022 07:42,Human
20,20/07/2022 12:34,Human
24,21/07/2022 13:37,Human
27,21/07/2022 09:30,Human
28,21/07/2022 14:55,Human
29,20/07/2022 10:33,Human
30,20/07/2022 14:29,Human
32,21/07/2022 10:35,Human
33,22/07/2022 10:10,Human
34,20/07/2022 17:50,Human
35,21/07/2022 06:38,Human
36,20/07/2022 13:16,Human
38,20/07/2022 14:56,Human
43,22/07/2022 05:37,Human
44,20/07/2022 15:17,Human
45,20/07/2022 15:39,Human
46,20/07/2022 14:08,Human
47,20/07/2022 10:51,Human
48,20/07/2022 11:47,Human
49,22/07/2022 11:19,Human
50,22/07/2022 10:45,Human
51,22/07/2022 10:27,Human
52,22/07/2022 09:42,Human
53,22/07/2022 08:39,Human
54,22/07/2022 08:21,Human
55,22/07/2022 12:58,Human
56,20/07/2022 17:13,Human
57,20/07/2022 17:32,Human
58,21/07/2022 08:37,Human
59,21/07/2022 08:19,Human
60,21/07/2022 11:53,Human
61,21/07/2022 14:32,Human
62,22/07/2022 13:19,Human
63,21/07/2022 07:52,Human
64,22/07/2022 07:19,Human
65,22/07/2022 05:57,Human
66,21/07/2022 17:30,Human
67,21/07/2022 13:20,Human
68,21/07/2022 15:10,Human
10B,20/07/2022 10:19,Human
14B,22/07/2022 08:55,Human
16B,22/07/2022 13:44,Human
17B,21/07/2022 06:56,Human
18B,20/07/2022 16:48,Human
19B,20/07/2022 11:25,Human
21B,21/07/2022 17:44,Human
22B,21/07/2022 10:05,Human
23B,20/07/2022 12:56,Human
25B,20/07/2022 12:10,Human
31B,21/07/2022 12:07,Human
39B,21/07/2022 09:08,Human
41B,22/07/2022 11:44,Human
42B,22/07/2022 08:05,Human
6B,21/07/2022 12:33,Human
7B,22/07/2022 09:55,Human
8,15/09/2022 12:10,Human
9,14/09/2022 13:07,Human
11,14/09/2022 13:19,Human
12,14/09/2022 08:28,Human
13,14/09/2022 14:51,Human
20,15/09/2022 11:20,Human
24,15/09/2022 15:57,Human
27,15/09/2022 17:33,Human
28,15/09/2022 15:24,Human
29,15/09/2022 14:48,Human
30,15/09/2022 14:09,Human
32,15/09/2022 17:12,Human
33,14/09/2022 11:50,Human
34,15/09/2022 08:32,Human
35,14/09/2022 17:00,Human
36,15/09/2022 10:54,Human
38,15/09/2022 10:19,Human
43,14/09/2022 15:52,Human
44,15/09/2022 10:05,Human
45,15/09/2022 09:45,Human
46,15/09/2022 13:57,Human
47,15/09/2022 13:37,Human
48,15/09/2022 11:33,Human
49,14/09/2022 10:27,Human
50,14/09/2022 10:51,Human
51,14/09/2022 11:08,Human
52,14/09/2022 12:52,Human
53,14/09/2022 14:01,Human
54,14/09/2022 14:18,Human
55,14/09/2022 09:43,Human
56,15/09/2022 07:50,Human
57,15/09/2022 08:10,Human
58,14/09/2022 18:12,Human
59,14/09/2022 17:56,Human
60,15/09/2022 16:49,Human
61,15/09/2022 15:05,Human
62,14/09/2022 09:25,Human
63,14/09/2022 17:37,Human
64,14/09/2022 15:11,Human
65,14/09/2022 08:53,Human
66,14/09/2022 16:45,Human
67,15/09/2022 16:10,Human
68,15/09/2022 15:41,Human
10B,15/09/2022 14:35,Human
14B,14/09/2022 13:35,Human
16B,14/09/2022 08:01,Human
17B,14/09/2022 17:14,Human
18B,15/09/2022 07:21,Human
19B,15/09/2022 13:13,Human
21B,14/09/2022 15:37,Human
22B,15/09/2022 17:55,Human
23B,15/09/2022 11:08,Human
25B,15/09/2022 11:45,Human
26B,15/09/2022 10:37,Human
31B,15/09/2022 12:31,Human
39B,14/09/2022 18:21,Human
41B,14/09/2022 10:03,Human
42B,14/09/2022 14:33,Human
6B,15/09/2022 16:30,Human
7B,14/09/2022 12:06,Human
8,26/11/2022 10:55,Human
9,24/11/2022 14:11,Human
11,24/11/2022 14:22,Human
12,24/11/2022 09:25,Human
13,24/11/2022 15:51,Human
20,26/11/2022 16:34,Human
24,26/11/2022 15:04,Human
27,26/11/2022 09:04,Human
28,25/11/2022 14:00,Human
29,26/11/2022 15:33,Human
30,25/11/2022 13:09,Human
32,26/11/2022 09:37,Human
33,24/11/2022 13:16,Human
34,25/11/2022 10:05,Human
35,25/11/2022 15:35,Human
36,26/11/2022 15:53,Human
38,25/11/2022 11:53,Human
43,24/11/2022 16:50,Human
44,25/11/2022 11:34,Human
45,25/11/2022 11:16,Human
46,25/11/2022 12:53,Human
47,26/11/2022 15:43,Human
48,26/11/2022 16:59,Human
49,24/11/2022 11:33,Human
50,24/11/2022 11:59,Human
51,24/11/2022 12:22,Human
52,24/11/2022 13:54,Human
53,24/11/2022 15:02,Human
54,24/11/2022 15:17,Human
55,24/11/2022 10:39,Human
56,25/11/2022 09:23,Human
57,25/11/2022 09:43,Human
58,26/11/2022 13:41,Human
59,26/11/2022 13:22,Human
60,26/11/2022 11:48,Human
61,26/11/2022 15:21,Human
62,24/11/2022 10:21,Human
63,26/11/2022 14:31,Human
64,24/11/2022 16:15,Human
65,24/11/2022 09:45,Human
66,24/11/2022 17:11,Human
67,26/11/2022 12:51,Human
68,25/11/2022 15:13,Human
10B,25/11/2022 13:46,Human
14B,24/11/2022 14:36,Human
16B,24/11/2022 08:49,Human
17B,26/11/2022 13:08,Human
18B,25/11/2022 08:48,Human
19B,26/11/2022 16:20,Human
21B,24/11/2022 16:35,Human
22B,26/11/2022 08:39,Human
23B,26/11/2022 16:06,Human
25B,26/11/2022 16:49,Human
26B,25/11/2022 12:33,Human
31B,26/11/2022 11:21,Human
39B,25/11/2022 15:50,Human
41B,24/11/2022 11:10,Human
42B,24/11/2022 15:32,Human
6B,26/11/2022 12:09,Human
7B,24/11/2022 13:27,Human
8,17/01/2023 15:04,Human
9,18/01/2023 12:47,Human
11,18/01/2023 13:37,Human
12,18/01/2023 09:07,Human
13,18/01/2023 15:30,Human
20,17/01/2023 14:12,Human
24,20/01/2023 14:41,Human
27,20/01/2023 09:59,Human
28,17/01/2023 17:44,Human
29,17/01/2023 17:31,Human
30,17/01/2023 16:21,Human
32,20/01/2023 10:19,Human
33,18/01/2023 11:59,Human
34,17/01/2023 10:21,Human
35,18/01/2023 17:25,Human
36,17/01/2023 13:47,Human
38,17/01/2023 12:13,Human
43,18/01/2023 16:24,Human
44,17/01/2023 11:58,Human
45,17/01/2023 11:41,Human
46,17/01/2023 13:12,Human
47,17/01/2023 15:57,Human
48,17/01/2023 14:30,Human
49,18/01/2023 11:08,Human
50,18/01/2023 11:26,Human
51,18/01/2023 11:39,Human
52,18/01/2023 12:32,Human
53,18/01/2023 14:44,Human
54,18/01/2023 15:00,Human
55,18/01/2023 10:13,Human
56,17/01/2023 09:41,Human
57,17/01/2023 10:00,Human
58,20/01/2023 10:44,Human
59,20/01/2023 10:59,Human
60,20/01/2023 15:57,Human
61,20/01/2023 15:40,Human
62,18/01/2023 09:57,Human
63,20/01/2023 11:37,Human
64,18/01/2023 15:51,Human
65,18/01/2023 09:30,Human
66,20/01/2023 13:19,Human
67,20/01/2023 15:05,Human
68,20/01/2023 14:21,Human
10B,17/01/2023 17:15,Human
14B,18/01/2023 13:54,Human
16B,18/01/2023 08:10,Human
17B,20/01/2023 11:13,Human
18B,17/01/2023 09:05,Human
19B,17/01/2023 15:42,Human
21B,18/01/2023 16:40,Human
22B,20/01/2023 09:34,Human
23B,17/01/2023 14:02,Human
25B,17/01/2023 14:41,Human
26B,17/01/2023 13:01,Human
31B,17/01/2023 15:27,Human
39B,18/01/2023 17:41,Human
41B,18/01/2023 10:40,Human
42B,18/01/2023 15:12,Human
6B,20/01/2023 15:20,Human
7B,18/01/2023 12:13,Human
8,15/03/2023 11:10,Human
9,15/03/2023 18:08,Human
11,15/03/2023 18:18,Human
12,16/03/2023 12:36,Human
13,16/03/2023 13:50,Human
20,13/03/2023 14:10,Human
24,17/03/2023 12:30,Human
27,15/03/2023 10:10,Human
28,17/03/2023 12:48,Human
29,13/03/2023 15:27,Human
30,13/03/2023 16:18,Human
32,15/03/2023 10:38,Human
33,15/03/2023 17:22,Human
34,13/03/2023 10:59,Human
35,17/03/2023 11:49,Human
36,13/03/2023 16:37,Human
38,13/03/2023 12:57,Human
43,16/03/2023 11:41,Human
44,13/03/2023 12:39,Human
45,13/03/2023 12:19,Human
46,13/03/2023 16:28,Human
47,13/03/2023 15:58,Human
48,13/03/2023 14:29,Human
49,15/03/2023 16:41,Human
50,15/03/2023 16:56,Human
51,15/03/2023 17:08,Human
52,15/03/2023 17:53,Human
54,16/03/2023 14:09,Human
55,15/03/2023 15:58,Human
56,13/03/2023 10:18,Human
57,13/03/2023 10:37,Human
58,15/03/2023 12:20,Human
59,15/03/2023 12:32,Human
60,15/03/2023 11:51,Human
61,17/03/2023 13:07,Human
62,15/03/2023 15:44,Human
63,16/03/2023 09:47,Human
65,16/03/2023 12:06,Human
66,16/03/2023 10:59,Human
67,16/03/2023 15:27,Human
68,17/03/2023 12:08,Human
10B,13/03/2023 15:41,Human
14B,16/03/2023 14:42,Human
16B,15/03/2023 15:21,Human
17B,16/03/2023 10:15,Human
18B,13/03/2023 09:37,Human
19B,13/03/2023 15:07,Human
21B,16/03/2023 11:25,Human
22B,15/03/2023 09:48,Human
23B,13/03/2023 13:58,Human
25B,13/03/2023 14:45,Human
31B,15/03/2023 11:29,Human
39B,15/03/2023 12:08,Human
41B,15/03/2023 16:22,Human
42B,16/03/2023 14:24,Human
6B,16/03/2023 15:43,Human
7B,15/03/2023 17:36,Human
8,10/05/2023 12:28,Human
9,09/05/2023 13:42,Human
11,09/05/2023 13:59,Human
12,09/05/2023 08:18,Human
13,09/05/2023 15:35,Human
20,10/05/2023 11:25,Human
24,11/05/2023 08:40,Human
27,11/05/2023 15:54,Human
28,11/05/2023 09:28,Human
29,10/05/2023 14:07,Human
30,10/05/2023 15:05,Human
32,11/05/2023 15:08,Human
33,09/05/2023 11:50,Human
34,10/05/2023 08:36,Human
35,11/05/2023 12:54,Human
36,10/05/2023 14:38,Human
38,10/05/2023 10:34,Human
43,11/05/2023 11:22,Human
44,10/05/2023 10:13,Human
45,10/05/2023 09:50,Human
46,10/05/2023 14:49,Human
47,10/05/2023 14:23,Human
48,10/05/2023 11:45,Human
49,09/05/2023 10:47,Human
50,09/05/2023 11:08,Human
51,09/05/2023 11:27,Human
52,09/05/2023 13:09,Human
54,09/05/2023 14:57,Human
55,09/05/2023 09:59,Human
56,10/05/2023 07:37,Human
57,10/05/2023 07:58,Human
58,11/05/2023 14:17,Human
59,11/05/2023 14:01,Human
60,11/05/2023 14:46,Human
62,09/05/2023 09:33,Human
63,11/05/2023 13:38,Human
64,09/05/2023 15:56,Human
65,09/05/2023 08:45,Human
67,11/05/2023 08:12,Human
68,11/05/2023 09:49,Human
10B,10/05/2023 16:17,Human
14B,09/05/2023 14:15,Human
16B,09/05/2023 07:48,Human
17B,11/05/2023 13:11,Human
18B,10/05/2023 07:05,Human
19B,10/05/2023 13:48,Human
21B,11/05/2023 11:40,Human
22B,11/05/2023 15:34,Human
23B,10/05/2023 11:02,Human
25B,10/05/2023 12:04,Human
31B,10/05/2023 13:28,Human
39B,11/05/2023 14:30,Human
41B,09/05/2023 10:25,Human
42B,09/05/2023 15:16,Human
6B,11/05/2023 07:54,Human
7B,09/05/2023 12:52,Human
8,04/07/2023 14:54,Human
9,05/07/2023 12:34,Human
11,05/07/2023 12:46,Human
12,05/07/2023 07:34,Human
13,05/07/2023 14:07,Human
20,04/07/2023 14:02,Human
24,06/07/2023 09:49,Human
27,06/07/2023 07:33,Human
28,04/07/2023 15:42,Human
29,04/07/2023 12:52,Human
30,04/07/2023 11:31,Human
32,06/07/2023 08:02,Human
33,05/07/2023 11:49,Human
34,04/07/2023 08:29,Human
35,06/07/2023 10:06,Human
36,04/07/2023 11:07,Human
38,04/07/2023 09:47,Human
43,05/07/2023 15:17,Human
44,04/07/2023 09:29,Human
45,04/07/2023 09:12,Human
46,04/07/2023 11:18,Human
47,04/07/2023 13:07,Human
48,04/07/2023 14:17,Human
49,05/07/2023 09:43,Human
50,05/07/2023 10:04,Human
51,05/07/2023 10:20,Human
52,05/07/2023 12:19,Human
54,05/07/2023 13:44,Human
55,05/07/2023 08:56,Human
56,04/07/2023 07:56,Human
57,04/07/2023 08:12,Human
58,06/07/2023 12:23,Human
59,06/07/2023 12:10,Human
60,06/07/2023 08:26,Human
62,05/07/2023 08:33,Human
63,06/07/2023 11:45,Human
64,05/07/2023 14:29,Human
65,05/07/2023 07:54,Human
67,06/07/2023 09:33,Human
68,04/07/2023 16:00,Human
10B,04/07/2023 12:01,Human
14B,05/07/2023 13:02,Human
16B,05/07/2023 07:06,Human
17B,06/07/2023 11:15,Human
18B,04/07/2023 07:29,Human
19B,04/07/2023 13:28,Human
21B,05/07/2023 15:04,Human
22B,06/07/2023 07:08,Human
23B,04/07/2023 13:49,Human
25B,04/07/2023 14:33,Human
31B,04/07/2023 15:14,Human
39B,06/07/2023 12:38,Human
41B,05/07/2023 09:20,Human
42B,05/07/2023 13:24,Human
6B,06/07/2023 08:47,Human
7B,05/07/2023 12:03,Human
8,04/10/2023 13:06,Human
9,03/10/2023 13:25,Human
11,03/10/2023 13:43,Human
12,03/10/2023 09:30,Human
13,03/10/2023 16:10,Human
20,04/10/2023 16:29,Human
24,04/10/2023 14:03,Human
27,04/10/2023 07:17,Human
28,04/10/2023 14:30,Human
29,04/10/2023 15:55,Human
30,04/10/2023 15:04,Human
32,04/10/2023 07:43,Human
33,03/10/2023 12:35,Human
34,05/10/2023 07:11,Human
35,04/10/2023 11:07,Human
36,04/10/2023 15:26,Human
38,05/10/2023 10:56,Human
43,03/10/2023 17:13,Human
44,05/10/2023 10:03,Human
45,05/10/2023 09:45,Human
46,04/10/2023 15:16,Human
47,04/10/2023 15:40,Human
48,04/10/2023 16:41,Human
49,03/10/2023 11:31,Human
50,03/10/2023 11:51,Human
51,03/10/2023 12:08,Human
52,03/10/2023 13:08,Human
53,03/10/2023 15:08,Human
54,03/10/2023 15:29,Human
55,03/10/2023 10:42,Human
56,05/10/2023 08:06,Human
57,05/10/2023 07:47,Human
58,04/10/2023 09:06,Human
59,04/10/2023 09:22,Human
60,04/10/2023 12:05,Human
61,04/10/2023 13:42,Human
62,03/10/2023 10:22,Human
63,04/10/2023 09:44,Human
64,03/10/2023 16:37,Human
65,03/10/2023 09:52,Human
66,03/10/2023 18:11,Human
67,04/10/2023 11:22,Human
68,04/10/2023 14:18,Human
10B,04/10/2023 14:48,Human
14B,03/10/2023 14:33,Human
16B,03/10/2023 08:55,Human
17B,04/10/2023 10:51,Human
18B,05/10/2023 08:33,Human
19B,04/10/2023 16:13,Human
21B,03/10/2023 17:57,Human
22B,04/10/2023 08:13,Human
23B,05/10/2023 10:18,Human
25B,04/10/2023 16:55,Human
26B,05/10/2023 10:40,Human
31B,04/10/2023 13:28,Human
39B,04/10/2023 08:33,Human
41B,03/10/2023 11:05,Human
42B,03/10/2023 15:48,Human
6B,04/10/2023 11:42,Human
7B,03/10/2023 12:50,Human
8,15/11/2023 15:10,Human
9,17/11/2023 15:02,Human
11,17/11/2023 15:17,Human
12,17/11/2023 09:42,Human
13,17/11/2023 16:58,Human
20,16/11/2023 13:21,Human
24,15/11/2023 13:03,Human
27,15/11/2023 07:56,Human
28,15/11/2023 14:38,Human
29,16/11/2023 15:19,Human
30,16/11/2023 16:21,Human
32,15/11/2023 09:03,Human
33,17/11/2023 14:12,Human
34,16/11/2023 10:47,Human
35,15/11/2023 11:24,Human
36,16/11/2023 17:05,Human
38,16/11/2023 17:29,Human
43,15/11/2023 12:17,Human
44,16/11/2023 12:18,Human
45,16/11/2023 12:01,Human
46,16/11/2023 16:57,Human
47,16/11/2023 15:37,Human
48,16/11/2023 13:40,Human
49,17/11/2023 12:27,Human
50,17/11/2023 12:49,Human
51,17/11/2023 13:14,Human
52,17/11/2023 14:46,Human
53,17/11/2023 16:05,Human
54,17/11/2023 16:23,Human
55,17/11/2023 10:58,Human
56,16/11/2023 09:37,Human
57,16/11/2023 10:00,Human
58,15/11/2023 10:15,Human
59,15/11/2023 10:27,Human
61,15/11/2023 14:21,Human
62,17/11/2023 10:36,Human
63,15/11/2023 10:51,Human
64,17/11/2023 17:19,Human
65,17/11/2023 10:05,Human
66,15/11/2023 11:38,Human
67,15/11/2023 13:18,Human
68,15/11/2023 12:46,Human
10B,16/11/2023 16:19,Human
14B,17/11/2023 15:41,Human
16B,17/11/2023 09:11,Human
17B,15/11/2023 11:10,Human
18B,16/11/2023 09:06,Human
19B,16/11/2023 14:41,Human
21B,15/11/2023 11:54,Human
22B,15/11/2023 15:33,Human
23B,16/11/2023 12:36,Human
25B,16/11/2023 14:16,Human
26B,16/11/2023 17:18,Human
31B,15/11/2023 14:54,Human
39B,15/11/2023 09:28,Human
41B,17/11/2023 12:03,Human
42B,17/11/2023 16:38,Human
6B,15/11/2023 14:04,Human
7B,17/11/2023 14:29,Human
8,15/01/2024 08:46,Human
9,16/01/2024 12:11,Human
11,16/01/2024 12:23,Human
12,15/01/2024 17:21,Human
13,16/01/2024 14:15,Human
20,19/01/2024 12:55,Human
24,15/01/2024 10:58,Human
27,15/01/2024 13:15,Human
28,15/01/2024 09:56,Human
29,19/01/2024 14:38,Human
30,19/01/2024 15:00,Human
32,15/01/2024 12:19,Human
33,16/01/2024 11:16,Human
34,19/01/2024 10:53,Human
35,15/01/2024 15:47,Human
36,19/01/2024 15:34,Human
38,13/01/2024 14:10,Human
43,15/01/2024 16:41,Human
44,13/01/2024 13:57,Human
45,13/01/2024 13:39,Human
46,19/01/2024 15:22,Human
47,19/01/2024 14:15,Human
48,19/01/2024 13:07,Human
49,16/01/2024 10:12,Human
50,16/01/2024 10:33,Human
51,16/01/2024 10:51,Human
52,16/01/2024 11:53,Human
53,16/01/2024 13:23,Human
54,16/01/2024 13:42,Human
55,16/01/2024 09:22,Human
56,19/01/2024 09:50,Human
57,19/01/2024 10:07,Human
58,15/01/2024 13:54,Human
59,15/01/2024 14:12,Human
60,15/01/2024 11:49,Human
61,15/01/2024 09:28,Human
62,16/01/2024 08:49,Human
63,15/01/2024 14:45,Human
64,16/01/2024 14:39,Human
65,15/01/2024 17:01,Human
66,15/01/2024 16:07,Human
67,15/01/2024 15:34,Human
68,15/01/2024 10:32,Human
10B,19/01/2024 14:39,Human
14B,16/01/2024 12:38,Human
16B,15/01/2024 17:43,Human
17B,15/01/2024 15:06,Human
18B,19/01/2024 09:17,Human
19B,19/01/2024 14:05,Human
21B,15/01/2024 16:23,Human
22B,15/01/2024 12:50,Human
23B,19/01/2024 12:39,Human
25B,15/01/2024 08:21,Human
26B,13/01/2024 14:36,Human
31B,15/01/2024 09:10,Human
39B,15/01/2024 13:43,Human
41B,16/01/2024 09:46,Human
42B,16/01/2024 13:56,Human
6B,15/01/2024 11:22,Human
7B,16/01/2024 11:34,Human